{"cameraMode":{"drawMode":0,"name":"Shaded","section":"Shading Mode"},"sceneLighting":true,"audioPlay":false,"sceneViewState":{"showFog":true,"showMaterialUpdate":true,"showSkybox":true,"showFlares":true,"showImageEffects":true,"showParticleSystems":true},"in2DMode":false,"pivot":{"x":4.7998046875,"y":0.2822265625,"z":3.43408203125},"rotation":{"x":-0.07807737588882446,"y":0.9167264699935913,"z":-0.22142551839351655,"w":-0.32324907183647158},"size":10.514410018920899,"orthographic":true}